team,averageRank,averageRp,ranks,rps
4646,1.66,33.285,"{1: 0.6801, 2: 0.1452, 3: 0.0602, 4: 0.0839, 5: 0.0186, 6: 0.0066, 7: 0.0033, 8: 0.0014, 9: 0.0006, 10: 0.0001}","{35: 0.1804, 34: 0.4188, 33: 0.2255, 32: 0.0019, 31: 0.0638, 30: 0.0896, 29: 0.0129, 28: 0.0002, 27: 0.0049, 26: 0.0017, 25: 0.0003}"
2847,1.9129,33.2668,"{1: 0.2651, 2: 0.6278, 3: 0.0569, 4: 0.034, 5: 0.0122, 6: 0.0035, 7: 0.0005}","{36: 0.0001, 35: 0.0865, 34: 0.3921, 33: 0.4056, 32: 0.0139, 31: 0.0362, 30: 0.0516, 29: 0.0134, 28: 0.0001, 27: 0.0001, 26: 0.0004}"
59,2.8185,32.4117,"{1: 0.01, 2: 0.1932, 3: 0.7815, 4: 0.0052, 5: 0.0051, 6: 0.004, 7: 0.0007, 8: 0.0003}","{34: 0.0261, 33: 0.4029, 32: 0.556, 31: 0.0006, 30: 0.0038, 29: 0.0072, 28: 0.0034}"
4728,4.5902,29.262,"{1: 0.0448, 2: 0.0321, 3: 0.0626, 4: 0.4521, 5: 0.178, 6: 0.1015, 7: 0.0621, 8: 0.0527, 9: 0.0118, 10: 0.0018, 11: 0.0005}","{35: 0.0001, 34: 0.0126, 33: 0.0604, 32: 0.0019, 31: 0.0148, 30: 0.5728, 29: 0.0613, 28: 0.0021, 27: 0.1784, 26: 0.09, 25: 0.0056}"
5809,5.1574,29.7134,"{2: 0.0004, 3: 0.0151, 4: 0.2565, 5: 0.4543, 6: 0.1949, 7: 0.028, 8: 0.0295, 9: 0.0143, 10: 0.0036, 11: 0.001, 12: 0.0001, 13: 0.0002, 14: 0.0002, 15: 0.0008, 16: 0.0006, 17: 0.0005}","{32: 0.0021, 31: 0.0809, 30: 0.7851, 29: 0.0483, 28: 0.0018, 27: 0.0174, 26: 0.0608, 25: 0.0013, 23: 0.0005, 22: 0.0018}"
167,6.4368,27.8669,"{2: 0.0007, 3: 0.0148, 4: 0.148, 5: 0.1925, 6: 0.1604, 7: 0.181, 8: 0.1932, 9: 0.0755, 10: 0.0132, 11: 0.0054, 12: 0.0096, 13: 0.0044, 14: 0.0013}","{32: 0.0026, 31: 0.0768, 30: 0.2562, 29: 0.0205, 28: 0.0712, 27: 0.3119, 26: 0.2318, 25: 0.011, 23: 0.0097, 22: 0.0083}"
7257,8.9291,25.0962,"{4: 0.0011, 5: 0.0307, 6: 0.1981, 7: 0.2562, 8: 0.0848, 9: 0.048, 10: 0.0579, 11: 0.0839, 12: 0.1247, 13: 0.0559, 14: 0.0208, 15: 0.003, 16: 0.0084, 17: 0.0115, 18: 0.0072, 19: 0.0045, 20: 0.001, 21: 0.0007, 22: 0.0005, 23: 0.0004, 24: 0.0001, 25: 0.0003, 26: 0.0003}","{29: 0.0001, 28: 0.0248, 27: 0.3308, 26: 0.227, 25: 0.0188, 24: 0.1212, 23: 0.1818, 22: 0.0555, 21: 0.0037, 20: 0.0205, 19: 0.0133, 18: 0.0017, 17: 0.0003, 16: 0.0005}"
1108,9.2175,25.3507,"{2: 0.0006, 3: 0.0087, 4: 0.0134, 5: 0.0552, 6: 0.1524, 7: 0.1091, 8: 0.0749, 9: 0.1179, 10: 0.092, 11: 0.0995, 12: 0.1173, 13: 0.1309, 14: 0.0257, 15: 0.0014, 16: 0.0002, 17: 0.0001, 18: 0.0006, 19: 0.0001}","{33: 0.0001, 32: 0.004, 31: 0.01, 30: 0.0113, 29: 0.0307, 28: 0.1272, 27: 0.1544, 26: 0.0674, 25: 0.1439, 24: 0.2548, 23: 0.1709, 22: 0.0239, 21: 0.0005, 20: 0.0005, 19: 0.0004}"
2654,9.2647,25.0654,"{5: 0.006, 6: 0.065, 7: 0.215, 8: 0.2479, 9: 0.0909, 10: 0.0385, 11: 0.0669, 12: 0.1254, 13: 0.1125, 14: 0.0308, 15: 0.0005, 17: 0.0003, 20: 0.0001, 21: 0.0001, 23: 0.0001}","{28: 0.0015, 27: 0.165, 26: 0.4503, 25: 0.0164, 24: 0.0777, 23: 0.2277, 22: 0.0604, 21: 0.0005, 19: 0.0004, 18: 0.0001}"
6147,9.5937,24.7686,"{4: 0.0003, 5: 0.0035, 6: 0.0048, 7: 0.013, 8: 0.1648, 9: 0.3584, 10: 0.2501, 11: 0.1144, 12: 0.0529, 13: 0.0228, 14: 0.0085, 15: 0.0036, 16: 0.002, 17: 0.0006, 18: 0.0003}","{29: 0.0001, 28: 0.0123, 27: 0.0013, 26: 0.009, 25: 0.7477, 24: 0.2089, 23: 0.0063, 22: 0.0015, 21: 0.0102, 20: 0.0027}"
6419,10.4829,23.8839,"{4: 0.0021, 5: 0.0311, 6: 0.0745, 7: 0.1071, 8: 0.0787, 9: 0.0261, 10: 0.0596, 11: 0.1447, 12: 0.1975, 13: 0.2075, 14: 0.0674, 15: 0.0024, 16: 0.0007, 18: 0.0001, 19: 0.0001, 20: 0.0003, 21: 0.0001}","{28: 0.0004, 27: 0.0815, 26: 0.2092, 25: 0.0109, 24: 0.1135, 23: 0.3825, 22: 0.1988, 21: 0.0024, 19: 0.0006, 18: 0.0002}"
3928,11.1164,23.263,"{7: 0.0014, 8: 0.0333, 9: 0.1323, 10: 0.2404, 11: 0.2352, 12: 0.1789, 13: 0.115, 14: 0.0296, 15: 0.0019, 16: 0.005, 17: 0.0093, 18: 0.0097, 19: 0.0049, 20: 0.0016, 21: 0.0006, 22: 0.0002, 24: 0.0001, 25: 0.0001, 27: 0.0003, 28: 0.0001, 30: 0.0001}","{25: 0.0488, 24: 0.3288, 23: 0.5564, 22: 0.0316, 21: 0.0004, 20: 0.008, 19: 0.0249, 18: 0.0004, 16: 0.0002, 15: 0.0005}"
10439,11.7887,23.0524,"{3: 0.0002, 4: 0.0022, 5: 0.0107, 6: 0.0323, 7: 0.0198, 8: 0.0279, 9: 0.0926, 10: 0.1834, 11: 0.1943, 12: 0.1051, 13: 0.0451, 14: 0.0532, 15: 0.0828, 16: 0.0701, 17: 0.0453, 18: 0.026, 19: 0.0085, 20: 0.0005}","{30: 0.0012, 29: 0.0003, 28: 0.0034, 27: 0.0601, 26: 0.0053, 25: 0.0061, 24: 0.504, 23: 0.1187, 22: 0.0064, 21: 0.1596, 20: 0.1179, 19: 0.017}"
967,14.3102,22.0297,"{7: 0.0001, 8: 0.0007, 9: 0.0088, 10: 0.0178, 11: 0.0209, 12: 0.046, 13: 0.1287, 14: 0.3489, 15: 0.2639, 16: 0.1073, 17: 0.0354, 18: 0.0087, 19: 0.0013, 20: 0.0018, 21: 0.0048, 22: 0.0026, 23: 0.0011, 24: 0.0007, 25: 0.0004, 26: 0.0001}","{26: 0.0054, 25: 0.0694, 24: 0.0037, 23: 0.0093, 22: 0.7395, 21: 0.1551, 20: 0.0043, 19: 0.0016, 18: 0.0102, 17: 0.0015}"
3267,15.2691,21.5808,"{4: 0.0012, 5: 0.0021, 6: 0.002, 7: 0.0027, 8: 0.0099, 9: 0.0227, 10: 0.0414, 11: 0.0316, 12: 0.0273, 13: 0.0517, 14: 0.1014, 15: 0.1832, 16: 0.2308, 17: 0.1648, 18: 0.0613, 19: 0.0155, 20: 0.0149, 21: 0.0103, 22: 0.0048, 23: 0.005, 24: 0.0072, 25: 0.0048, 26: 0.0015, 27: 0.0017, 28: 0.0002}","{29: 0.0012, 28: 0.0034, 27: 0.002, 26: 0.0148, 25: 0.0606, 24: 0.06, 23: 0.0593, 22: 0.2518, 21: 0.3635, 20: 0.1152, 19: 0.0139, 18: 0.032, 17: 0.0191, 16: 0.0032}"
7848,17.3775,20.1389,"{11: 0.0001, 12: 0.0031, 13: 0.0165, 14: 0.0587, 15: 0.1199, 16: 0.2226, 17: 0.2753, 18: 0.1419, 19: 0.0258, 20: 0.0171, 21: 0.0152, 22: 0.0118, 23: 0.0201, 24: 0.0271, 25: 0.0244, 26: 0.0082, 27: 0.0039, 28: 0.0012, 29: 0.0006, 30: 0.0024, 31: 0.0016, 32: 0.001, 33: 0.0005, 34: 0.0002, 35: 0.0006, 37: 0.0002}","{23: 0.0002, 22: 0.0927, 21: 0.3698, 20: 0.3961, 19: 0.0008, 18: 0.0383, 17: 0.0847, 16: 0.0101, 15: 0.0001, 14: 0.0059, 13: 0.0013}"
5442,17.4047,20.0257,"{11: 0.0002, 12: 0.0069, 13: 0.0877, 14: 0.1865, 15: 0.1565, 16: 0.0923, 17: 0.0681, 18: 0.0631, 19: 0.0587, 20: 0.0435, 21: 0.0893, 22: 0.047, 23: 0.0284, 24: 0.0215, 25: 0.0117, 26: 0.0086, 27: 0.0043, 28: 0.0086, 29: 0.0082, 30: 0.0042, 31: 0.0028, 32: 0.0007, 33: 0.0005, 34: 0.0002, 35: 0.0004, 37: 0.0001}","{23: 0.0027, 22: 0.3237, 21: 0.2331, 20: 0.0072, 19: 0.1575, 18: 0.2026, 17: 0.0379, 16: 0.0008, 15: 0.0245, 14: 0.0092, 13: 0.0008}"
11219,18.9237,19.0665,"{10: 0.0001, 11: 0.0006, 12: 0.0036, 13: 0.0152, 14: 0.047, 15: 0.1176, 16: 0.1233, 17: 0.0557, 18: 0.0366, 19: 0.0544, 20: 0.1297, 21: 0.2566, 22: 0.1116, 23: 0.0235, 24: 0.0085, 25: 0.0031, 26: 0.0005, 27: 0.0004, 28: 0.0013, 29: 0.0034, 30: 0.0049, 31: 0.0015, 32: 0.0006, 33: 0.0003}","{23: 0.0001, 22: 0.0225, 21: 0.3317, 20: 0.0138, 19: 0.0333, 18: 0.5561, 17: 0.0297, 15: 0.0009, 14: 0.0119}"
10476,20.0752,19.1662,"{9: 0.0001, 10: 0.0001, 11: 0.0007, 12: 0.0013, 13: 0.0026, 14: 0.0055, 15: 0.0084, 16: 0.0134, 17: 0.0471, 18: 0.1192, 19: 0.1976, 20: 0.2703, 21: 0.1921, 22: 0.0668, 23: 0.0083, 24: 0.0017, 25: 0.0069, 26: 0.0142, 27: 0.0181, 28: 0.017, 29: 0.0077, 30: 0.0009}","{24: 0.001, 23: 0.0074, 22: 0.012, 21: 0.0083, 20: 0.277, 19: 0.6278, 17: 0.0015, 16: 0.065}"
5837,20.3932,18.7032,"{14: 0.0001, 15: 0.0025, 16: 0.0103, 17: 0.0503, 18: 0.1485, 19: 0.2837, 20: 0.2335, 21: 0.0836, 22: 0.0175, 23: 0.0086, 24: 0.0214, 25: 0.0389, 26: 0.0387, 27: 0.0335, 28: 0.0172, 29: 0.0048, 30: 0.0003, 33: 0.0002, 34: 0.0013, 35: 0.001, 36: 0.0024, 37: 0.001, 38: 0.0004, 39: 0.0003}","{21: 0.001, 20: 0.2033, 19: 0.6259, 17: 0.0271, 16: 0.1361, 13: 0.0066}"
9092,21.4191,18.2083,"{14: 0.0001, 15: 0.004, 16: 0.0227, 17: 0.0928, 18: 0.2146, 19: 0.1887, 20: 0.0944, 21: 0.0456, 22: 0.0146, 23: 0.009, 24: 0.0136, 25: 0.0322, 26: 0.0581, 27: 0.0655, 28: 0.069, 29: 0.0378, 30: 0.0198, 31: 0.0113, 32: 0.004, 33: 0.0005, 36: 0.0001, 37: 0.0001, 39: 0.0006, 40: 0.0005, 41: 0.0001, 42: 0.0002, 43: 0.0001}","{21: 0.002, 20: 0.1742, 19: 0.4983, 18: 0.017, 17: 0.0524, 16: 0.1825, 15: 0.0713, 14: 0.0006, 13: 0.0001, 12: 0.001, 11: 0.0006}"
5914,21.8677,17.9993,"{15: 0.0003, 16: 0.0022, 17: 0.0082, 18: 0.0309, 19: 0.0787, 20: 0.1209, 21: 0.16, 22: 0.4192, 23: 0.0633, 24: 0.028, 25: 0.0114, 26: 0.007, 27: 0.015, 28: 0.0177, 29: 0.0143, 30: 0.007, 31: 0.0065, 32: 0.006, 33: 0.0021, 34: 0.0002, 39: 0.0001, 41: 0.0001, 42: 0.0003, 43: 0.0002, 44: 0.0003, 45: 0.0001}","{20: 0.0125, 19: 0.2406, 18: 0.6487, 17: 0.0234, 16: 0.0026, 15: 0.0543, 14: 0.0168, 12: 0.0001, 11: 0.001}"
11210,22.2793,18.4107,"{12: 0.0001, 13: 0.0003, 14: 0.0045, 15: 0.0266, 16: 0.0537, 17: 0.0946, 18: 0.0835, 19: 0.03, 20: 0.0097, 21: 0.0174, 22: 0.0742, 23: 0.0868, 24: 0.2909, 25: 0.1189, 26: 0.0507, 27: 0.0133, 28: 0.0028, 29: 0.0018, 30: 0.0042, 31: 0.0058, 32: 0.0078, 33: 0.0084, 34: 0.0047, 35: 0.0062, 36: 0.0026, 37: 0.0004, 38: 0.0001}","{22: 0.014, 21: 0.2523, 20: 0.0179, 19: 0.0161, 18: 0.3909, 17: 0.2581, 16: 0.0062, 15: 0.0071, 14: 0.0247, 13: 0.0127}"
11312,22.7512,17.9011,"{11: 0.0001, 12: 0.0002, 13: 0.0029, 14: 0.0098, 15: 0.0197, 16: 0.0278, 17: 0.0218, 18: 0.0112, 19: 0.0071, 20: 0.0121, 21: 0.0717, 22: 0.1106, 23: 0.5071, 24: 0.0546, 25: 0.0274, 26: 0.0156, 27: 0.0203, 28: 0.0299, 29: 0.0257, 30: 0.0139, 31: 0.0057, 32: 0.0027, 33: 0.0019, 34: 0.0002}","{22: 0.0147, 21: 0.0762, 20: 0.0004, 19: 0.0127, 18: 0.729, 17: 0.0552, 16: 0.0005, 15: 0.1016, 14: 0.0097}"
3723,25.2749,16.9313,"{13: 0.0001, 15: 0.0002, 16: 0.0003, 17: 0.0002, 18: 0.0006, 19: 0.001, 20: 0.0046, 21: 0.0142, 22: 0.0667, 23: 0.114, 24: 0.2514, 25: 0.176, 26: 0.0399, 27: 0.1054, 28: 0.1339, 29: 0.0635, 30: 0.0229, 31: 0.0047, 32: 0.0004}","{21: 0.0009, 19: 0.0012, 18: 0.6402, 16: 0.0005, 15: 0.3572}"
3055,28.3696,14.981,"{15: 0.0002, 16: 0.0011, 17: 0.0016, 18: 0.0045, 19: 0.0046, 20: 0.0038, 21: 0.0015, 22: 0.0037, 23: 0.0199, 24: 0.0468, 25: 0.1552, 26: 0.2431, 27: 0.1166, 28: 0.0274, 29: 0.0034, 30: 0.005, 31: 0.0315, 32: 0.0727, 33: 0.1025, 34: 0.0981, 35: 0.0476, 36: 0.0083, 37: 0.0008, 38: 0.0001}","{20: 0.0008, 19: 0.0168, 18: 0.0002, 17: 0.0261, 16: 0.5891, 14: 0.0019, 13: 0.3651}"
525,29.1917,15.1573,"{15: 0.0005, 16: 0.003, 17: 0.0061, 18: 0.0174, 19: 0.0193, 20: 0.014, 21: 0.0048, 22: 0.0014, 23: 0.0029, 24: 0.0203, 25: 0.0516, 26: 0.1522, 27: 0.2272, 28: 0.1091, 29: 0.0251, 30: 0.0047, 31: 0.0015, 32: 0.0042, 33: 0.019, 34: 0.0554, 35: 0.0926, 36: 0.0916, 37: 0.0526, 38: 0.0148, 39: 0.0059, 40: 0.0022, 41: 0.0004, 43: 0.0002}","{21: 0.0004, 20: 0.012, 19: 0.0531, 18: 0.0006, 17: 0.0293, 16: 0.5254, 15: 0.0386, 14: 0.0028, 13: 0.3129, 12: 0.0249}"
5935,29.3374,14.8367,"{15: 0.0001, 16: 0.0015, 17: 0.0083, 18: 0.0072, 19: 0.0022, 20: 0.001, 21: 0.0039, 22: 0.0132, 23: 0.0449, 24: 0.0988, 25: 0.1145, 26: 0.0467, 27: 0.0086, 28: 0.002, 29: 0.018, 30: 0.1042, 31: 0.1774, 32: 0.0921, 33: 0.0668, 34: 0.0946, 35: 0.0652, 36: 0.025, 37: 0.0035, 38: 0.0003}","{21: 0.0007, 20: 0.0172, 19: 0.0014, 18: 0.0033, 17: 0.2981, 16: 0.0313, 15: 0.0001, 14: 0.3993, 13: 0.2486}"
3298,30.5536,15.0873,"{16: 0.0001, 17: 0.0007, 18: 0.0023, 19: 0.0062, 20: 0.0155, 21: 0.0086, 22: 0.0019, 23: 0.0002, 24: 0.0029, 25: 0.0083, 26: 0.0728, 27: 0.1209, 28: 0.2069, 29: 0.1588, 30: 0.048, 31: 0.0057, 32: 0.0004, 33: 0.0005, 34: 0.0301, 35: 0.0749, 36: 0.0715, 37: 0.0668, 38: 0.0718, 39: 0.0217, 40: 0.0024, 41: 0.0001}","{19: 0.0352, 17: 0.0011, 16: 0.6239, 13: 0.3398}"
2227,31.3646,14.1468,"{16: 0.0005, 17: 0.0007, 18: 0.0006, 19: 0.0004, 20: 0.0006, 21: 0.0022, 22: 0.0069, 23: 0.0086, 24: 0.0181, 25: 0.0304, 26: 0.0392, 27: 0.0223, 28: 0.0171, 29: 0.0312, 30: 0.1006, 31: 0.2126, 32: 0.2037, 33: 0.0836, 34: 0.0777, 35: 0.0682, 36: 0.0425, 37: 0.0184, 38: 0.0017, 40: 0.0003, 41: 0.0012, 42: 0.0032, 43: 0.0028, 44: 0.0025, 45: 0.0002, 46: 0.001, 47: 0.0003, 48: 0.0004, 49: 0.0001, 50: 0.0002}","{21: 0.0002, 20: 0.0019, 19: 0.0002, 18: 0.0106, 17: 0.1032, 16: 0.0107, 15: 0.0463, 14: 0.572, 13: 0.2427, 12: 0.0001, 11: 0.0057, 10: 0.0053, 9: 0.0011}"
9543,32.0877,14.6126,"{16: 0.0001, 17: 0.0006, 18: 0.0036, 19: 0.005, 20: 0.0036, 21: 0.0054, 22: 0.0028, 23: 0.0034, 24: 0.0162, 25: 0.0764, 26: 0.0935, 27: 0.0974, 28: 0.0725, 29: 0.0286, 30: 0.0085, 31: 0.0042, 32: 0.0178, 33: 0.0485, 34: 0.0549, 35: 0.0279, 36: 0.095, 37: 0.1914, 38: 0.1027, 39: 0.0324, 40: 0.0064, 41: 0.0009, 42: 0.0003}","{20: 0.0102, 19: 0.0106, 18: 0.0003, 17: 0.1274, 16: 0.2706, 14: 0.1547, 13: 0.4262}"
5576,32.4862,14.5405,"{19: 0.0002, 20: 0.0017, 21: 0.0055, 22: 0.014, 23: 0.0301, 24: 0.0587, 25: 0.0889, 26: 0.0559, 27: 0.0094, 28: 0.0367, 29: 0.0767, 30: 0.1125, 31: 0.0901, 32: 0.0535, 33: 0.0404, 34: 0.0273, 35: 0.0039, 36: 0.0007, 37: 0.0008, 38: 0.0066, 39: 0.0296, 40: 0.0607, 41: 0.0577, 42: 0.0546, 43: 0.0267, 44: 0.0052, 45: 0.0015, 46: 0.0026, 47: 0.0016, 48: 0.0079, 49: 0.0183, 50: 0.0178, 51: 0.0022}","{19: 0.0062, 18: 0.2393, 17: 0.017, 16: 0.0058, 15: 0.3399, 14: 0.0962, 13: 0.0042, 12: 0.1544, 11: 0.0849, 10: 0.0066, 9: 0.0209, 8: 0.0206, 7: 0.004}"
1997,33.5177,13.6304,"{22: 0.0002, 23: 0.0007, 24: 0.0011, 25: 0.003, 26: 0.0053, 27: 0.0023, 28: 0.0021, 29: 0.0108, 30: 0.0441, 31: 0.139, 32: 0.2575, 33: 0.229, 34: 0.0896, 35: 0.0539, 36: 0.0355, 37: 0.0366, 38: 0.0214, 39: 0.0051, 40: 0.0023, 41: 0.0054, 42: 0.0047, 43: 0.004, 44: 0.0087, 45: 0.0105, 46: 0.0113, 47: 0.0074, 48: 0.0053, 49: 0.0025, 50: 0.0006, 51: 0.0001}","{18: 0.0005, 17: 0.0116, 16: 0.0006, 15: 0.0301, 14: 0.7052, 13: 0.1864, 12: 0.004, 11: 0.0121, 10: 0.0405, 9: 0.009}"
4260,34.9275,12.6408,"{26: 0.0004, 27: 0.0002, 28: 0.0003, 29: 0.0005, 30: 0.0019, 31: 0.0182, 32: 0.0898, 33: 0.2227, 34: 0.2745, 35: 0.1896, 36: 0.0693, 37: 0.009, 38: 0.0008, 39: 0.0002, 40: 0.0024, 41: 0.0221, 42: 0.0416, 43: 0.0312, 44: 0.0204, 45: 0.0041, 46: 0.0007, 47: 0.0001}","{16: 0.0013, 14: 0.0049, 13: 0.8711, 11: 0.0001, 10: 0.1226}"
9570,35.7931,13.0394,"{17: 0.0001, 18: 0.0004, 19: 0.0015, 20: 0.0038, 21: 0.0058, 22: 0.0076, 23: 0.0126, 24: 0.0078, 25: 0.0083, 26: 0.0157, 27: 0.0334, 28: 0.0544, 29: 0.0664, 30: 0.0811, 31: 0.0513, 32: 0.0244, 33: 0.0101, 34: 0.0074, 35: 0.0178, 36: 0.0198, 37: 0.0234, 38: 0.0566, 39: 0.1067, 40: 0.1036, 41: 0.1193, 42: 0.0853, 43: 0.0302, 44: 0.0056, 45: 0.0012, 46: 0.0031, 47: 0.0143, 48: 0.0164, 49: 0.0042, 50: 0.0003, 51: 0.0001}","{19: 0.0098, 18: 0.0279, 17: 0.003, 16: 0.0806, 15: 0.2204, 14: 0.0431, 13: 0.0763, 12: 0.2823, 11: 0.2174, 10: 0.0001, 9: 0.0163, 8: 0.0228}"
8822,36.2278,12.8027,"{26: 0.0015, 27: 0.0062, 28: 0.0428, 29: 0.134, 30: 0.1494, 31: 0.0606, 32: 0.0104, 33: 0.0004, 34: 0.0005, 35: 0.0014, 36: 0.0062, 37: 0.0591, 38: 0.1663, 39: 0.14, 40: 0.0596, 41: 0.0179, 42: 0.0025, 43: 0.0001, 45: 0.0001, 46: 0.0052, 47: 0.0423, 48: 0.0656, 49: 0.0277, 50: 0.0002}","{16: 0.0071, 15: 0.3982, 13: 0.003, 12: 0.4506, 9: 0.1411}"
8737,36.4471,13.0794,"{24: 0.0002, 25: 0.0001, 26: 0.0004, 27: 0.0021, 28: 0.0215, 29: 0.1267, 30: 0.1258, 31: 0.0576, 32: 0.0201, 33: 0.0042, 34: 0.0004, 37: 0.0011, 38: 0.031, 39: 0.1399, 40: 0.2363, 41: 0.1674, 42: 0.0535, 43: 0.0106, 44: 0.0011}","{18: 0.0005, 16: 0.0005, 15: 0.3581, 13: 0.0001, 12: 0.6408}"
6420,37.9131,12.1325,"{23: 0.0001, 25: 0.0025, 26: 0.0232, 27: 0.0479, 28: 0.0546, 29: 0.091, 30: 0.0364, 31: 0.006, 32: 0.0008, 33: 0.0001, 34: 0.0006, 35: 0.0014, 36: 0.0045, 37: 0.0531, 38: 0.1488, 39: 0.1523, 40: 0.1014, 41: 0.0545, 42: 0.0272, 43: 0.0052, 44: 0.0009, 45: 0.0011, 46: 0.0124, 47: 0.0482, 48: 0.0708, 49: 0.0435, 50: 0.0109, 51: 0.0006}","{18: 0.0001, 16: 0.005, 15: 0.2522, 14: 0.0053, 13: 0.0053, 12: 0.5018, 11: 0.0428, 9: 0.1322, 8: 0.0553}"
5557,39.1972,12.0082,"{25: 0.0006, 26: 0.0014, 27: 0.0103, 28: 0.0364, 29: 0.0447, 30: 0.0759, 31: 0.0498, 32: 0.0149, 33: 0.0017, 34: 0.0001, 35: 0.001, 36: 0.002, 37: 0.0194, 38: 0.072, 39: 0.1554, 40: 0.1581, 41: 0.0861, 42: 0.0275, 43: 0.005, 44: 0.001, 45: 0.0014, 46: 0.0206, 47: 0.0684, 48: 0.0928, 49: 0.0492, 50: 0.0043}","{16: 0.0042, 15: 0.2316, 13: 0.0058, 12: 0.522, 9: 0.2364}"
5141,39.5261,11.8165,"{26: 0.0002, 27: 0.0005, 28: 0.0016, 29: 0.0042, 30: 0.0144, 31: 0.0436, 32: 0.0955, 33: 0.1138, 34: 0.0707, 35: 0.0134, 36: 0.0041, 37: 0.0016, 38: 0.0023, 39: 0.0005, 40: 0.0123, 41: 0.069, 42: 0.1617, 43: 0.1077, 44: 0.0816, 45: 0.093, 46: 0.0642, 47: 0.0308, 48: 0.0121, 49: 0.0012}","{17: 0.0002, 15: 0.0134, 14: 0.3406, 13: 0.0119, 11: 0.35, 10: 0.2839}"
6455,39.7237,11.9602,"{23: 0.0003, 24: 0.0001, 25: 0.0004, 26: 0.0009, 27: 0.0014, 28: 0.0015, 29: 0.002, 30: 0.0021, 31: 0.0019, 32: 0.0062, 33: 0.0118, 34: 0.0134, 35: 0.1265, 36: 0.2577, 37: 0.1439, 38: 0.0458, 39: 0.0098, 40: 0.0028, 41: 0.0004, 42: 0.0012, 43: 0.0059, 44: 0.0267, 45: 0.0877, 46: 0.1178, 47: 0.0847, 48: 0.0361, 49: 0.01, 50: 0.001}","{18: 0.0002, 17: 0.0014, 16: 0.0075, 15: 0.0005, 14: 0.0372, 13: 0.5818, 11: 0.0071, 10: 0.3643}"
8770,40.3648,12.1228,"{24: 0.0004, 25: 0.0003, 26: 0.0007, 27: 0.0004, 28: 0.0004, 29: 0.0005, 30: 0.001, 31: 0.0023, 32: 0.0021, 33: 0.0032, 34: 0.0021, 35: 0.0028, 36: 0.0309, 37: 0.0698, 38: 0.0655, 39: 0.0852, 40: 0.1824, 41: 0.2876, 42: 0.1768, 43: 0.0512, 44: 0.0062, 45: 0.0013, 46: 0.0001, 47: 0.0067, 48: 0.0102, 49: 0.0078, 50: 0.0018, 51: 0.0003}","{18: 0.0001, 17: 0.0002, 16: 0.0021, 15: 0.0039, 14: 0.0095, 13: 0.222, 12: 0.7014, 11: 0.0339, 9: 0.0016, 8: 0.0253}"
648,40.717,11.2319,"{22: 0.0002, 23: 0.0005, 24: 0.0016, 25: 0.0025, 26: 0.0021, 27: 0.0024, 28: 0.0001, 29: 0.0003, 30: 0.0012, 31: 0.0044, 32: 0.0062, 33: 0.0161, 34: 0.069, 35: 0.1434, 36: 0.1041, 37: 0.0282, 38: 0.0067, 39: 0.0015, 40: 0.001, 41: 0.0074, 42: 0.0398, 43: 0.1118, 44: 0.1575, 45: 0.1413, 46: 0.1033, 47: 0.0401, 48: 0.007, 49: 0.0003}","{17: 0.0019, 16: 0.0076, 14: 0.014, 13: 0.3669, 11: 0.0163, 10: 0.5933}"
9061,42.1696,11.1332,"{27: 0.0001, 30: 0.0002, 31: 0.0005, 33: 0.0003, 34: 0.0025, 35: 0.0249, 36: 0.0939, 37: 0.1615, 38: 0.0797, 39: 0.0107, 40: 0.0027, 41: 0.0007, 42: 0.0081, 43: 0.0516, 44: 0.1168, 45: 0.1702, 46: 0.1397, 47: 0.0821, 48: 0.0396, 49: 0.0124, 50: 0.0018}","{16: 0.0001, 14: 0.001, 13: 0.3762, 10: 0.6227}"
6805,43.1618,10.0564,"{23: 0.0001, 24: 0.0001, 25: 0.0002, 26: 0.0004, 27: 0.0002, 28: 0.0001, 29: 0.0001, 30: 0.0001, 31: 0.0007, 32: 0.0015, 33: 0.0055, 34: 0.016, 35: 0.0221, 36: 0.018, 37: 0.0082, 38: 0.0052, 39: 0.0022, 40: 0.0022, 41: 0.0281, 42: 0.1458, 43: 0.2536, 44: 0.1972, 45: 0.1591, 46: 0.0712, 47: 0.0409, 48: 0.0173, 49: 0.0036, 50: 0.0003}","{16: 0.001, 15: 0.0002, 14: 0.0012, 13: 0.0667, 12: 0.0123, 11: 0.0003, 10: 0.7379, 9: 0.1804}"
8766,43.6306,10.0241,"{24: 0.0001, 25: 0.0003, 26: 0.0009, 27: 0.0085, 28: 0.0135, 29: 0.0091, 30: 0.002, 31: 0.0006, 32: 0.0007, 33: 0.0005, 34: 0.0005, 35: 0.0018, 36: 0.0036, 37: 0.0394, 38: 0.092, 39: 0.0903, 40: 0.0523, 41: 0.0454, 42: 0.04, 43: 0.0137, 44: 0.0046, 45: 0.0081, 46: 0.0833, 47: 0.2421, 48: 0.1862, 49: 0.0471, 50: 0.0076, 51: 0.0038, 52: 0.0019, 53: 0.0001}","{16: 0.0006, 15: 0.0338, 14: 0.0018, 13: 0.004, 12: 0.269, 11: 0.1047, 10: 0.0089, 9: 0.3783, 8: 0.1829, 7: 0.0078, 6: 0.0006, 5: 0.0051, 4: 0.0025}"
7531,46.0543,9.1647,"{31: 0.0002, 32: 0.0003, 33: 0.0003, 34: 0.001, 35: 0.0018, 36: 0.0026, 37: 0.0027, 38: 0.0025, 39: 0.0058, 40: 0.0039, 41: 0.0038, 42: 0.0212, 43: 0.0579, 44: 0.0838, 45: 0.1372, 46: 0.2498, 47: 0.2022, 48: 0.1123, 49: 0.065, 50: 0.0368, 51: 0.0086, 52: 0.0003}","{14: 0.0004, 13: 0.0079, 12: 0.0129, 11: 0.0051, 10: 0.2375, 9: 0.6837, 7: 0.0022, 6: 0.0503}"
9579,46.4395,9.2354,"{31: 0.0003, 32: 0.0012, 33: 0.0037, 34: 0.0054, 35: 0.0064, 36: 0.0012, 37: 0.0002, 40: 0.0007, 41: 0.0141, 42: 0.0742, 43: 0.1458, 44: 0.1215, 45: 0.0164, 46: 0.0019, 47: 0.0027, 48: 0.2186, 49: 0.2712, 50: 0.1, 51: 0.0143, 52: 0.0002}","{14: 0.0184, 11: 0.375, 8: 0.6066}"
5041,47.8058,7.7415,"{26: 0.0001, 28: 0.0001, 29: 0.0001, 30: 0.0003, 31: 0.0001, 32: 0.0007, 33: 0.0006, 34: 0.0005, 35: 0.0013, 36: 0.0012, 37: 0.0014, 38: 0.0008, 39: 0.0003, 40: 0.0009, 41: 0.0075, 42: 0.0249, 43: 0.0665, 44: 0.0885, 45: 0.071, 46: 0.0403, 47: 0.0206, 48: 0.021, 49: 0.261, 50: 0.3209, 51: 0.067, 52: 0.0024}","{16: 0.0001, 15: 0.0002, 14: 0.0016, 13: 0.005, 12: 0.001, 11: 0.0237, 10: 0.2826, 9: 0.0319, 8: 0.0209, 7: 0.2985, 6: 0.3345}"
5275,48.3611,7.6478,"{32: 0.0001, 33: 0.0003, 34: 0.0009, 35: 0.002, 36: 0.0046, 37: 0.0045, 38: 0.0033, 39: 0.0022, 40: 0.0004, 41: 0.0014, 42: 0.0046, 43: 0.0178, 44: 0.0699, 45: 0.0944, 46: 0.0681, 47: 0.0499, 48: 0.0281, 49: 0.0962, 50: 0.3302, 51: 0.1999, 52: 0.0205, 53: 0.0007}","{14: 0.0007, 13: 0.0168, 12: 0.0007, 11: 0.0119, 10: 0.3036, 9: 0.0257, 8: 0.0022, 7: 0.3269, 6: 0.2495, 5: 0.0008, 4: 0.0271, 3: 0.0295, 2: 0.0046}"
11241,50.4843,5.849,"{36: 0.0011, 37: 0.0008, 38: 0.0008, 39: 0.0013, 40: 0.0022, 41: 0.0014, 42: 0.0008, 43: 0.0002, 46: 0.0033, 47: 0.0143, 48: 0.0511, 49: 0.0655, 50: 0.1327, 51: 0.6488, 52: 0.0757}","{12: 0.0039, 11: 0.0047, 10: 0.0001, 9: 0.0616, 8: 0.1068, 6: 0.2262, 5: 0.5967}"
8821,51.8768,3.9502,"{45: 0.0001, 46: 0.0001, 47: 0.0003, 48: 0.0011, 49: 0.0131, 50: 0.0319, 51: 0.0487, 52: 0.8689, 53: 0.0358}","{10: 0.0004, 9: 0.0001, 8: 0.0047, 7: 0.0623, 6: 0.0003, 5: 0.0424, 4: 0.7921, 3: 0.0024, 2: 0.0043, 1: 0.0736, 0: 0.0174}"
7038,52.9557,1.4364,"{48: 0.0001, 49: 0.0001, 50: 0.0007, 51: 0.0056, 52: 0.0301, 53: 0.9634}","{8: 0.0006, 7: 0.0011, 6: 0.0002, 5: 0.0054, 4: 0.1285, 2: 0.0175, 1: 0.8467}"
